Nom;Taille de la boite;Nb de joueurs;Temps;Categorie;Duplicata;Image
Taco Verso Bouc Cheese Pizza;Petit;2a8;10 min;Reflexe;1;https://joueclub-joueclub-fr-storage.omn.proximis.com/Imagestorage/imagesSynchro/0/0/16ee33eec916630d683acd157633132a2f848ea4_41067038.jpeg
Deadlines;Petit;1a10;15 min;reflexion;1;https://static.fnac-static.com/multimedia/Images/85/85/22/F4/15999621-3-1541-1/tsp20230127193013/Deadlines.jpg
ComplotS;Petit;2a8;15 min;Bluff, roles caches;2;https://i0.wp.com/gusandco.net/wp-content/uploads/2016/08/complots-matos2.jpg?fit=1135%2C738&ssl=1
Saboteur;Petit;3a10;30 min;Roles caches;2;https://cdn.laredoute.com/products/4/5/b/45b380cba7dd6fd1c79d52680d404cda.jpg?width=1200&dpr=1
Mascarade;Petit;2a13;30 min;Bluff, roles caches;1;https://www.laposte.fr/ecom/occ/ecommerce/medias/sys_master/productsmedias/hb4/he9/9948599353374/mp-500168827_media2/mp-500168827_media2.jpg_450Wx450H
Time bomb;Petit;4a8;15 min;Bluff, roles caches;1;https://auparadisdujeu.ch/shop/801-medium_default/time-bomb.jpg
Citadelles : troisieme edition;Petit;2a8;1h;Roles caches, strategie;1;https://www.goldenmeeple.be/wp-content/uploads/2019/01/citadelles-3-edition-00.jpg
Katana;Petit;3a7;20a40 min;Bluff, roles caches;1;https://www.espritjeu.com/upload/image/katana-p-image-50279-grande.jpg
Le poker des cafards;Petit;2a6;25 min;Bluff;1;https://cdn1.philibertnet.com/377954-large_default/le-poker-des-cafards.jpg
Mafia de Cuba;Petit;6a12;10a20 min;Bluff;1;https://cdn1.trictrac.net/documents/formats/enlargement/documents/originals/8c/11/d98cf0147ab41383a608611667da98ce3dfa.png
Mafia de Cuba extension;;;;liee;1;https://joueclub-joueclub-fr-storage.omn.proximis.com/Imagestorage/imagesSynchro/0/0/884eac661b6c4d03b98c6b0a5ddcfde2ca4ec805_06024161.jpeg
Skull;Petit;3a6;15a45 min;Bluff;1;https://cdn2.trictrac.net/documents/formats/enlargement/documents/originals/f7/a3/00d7cdd99fa30bc7c48a31c5668ae03ad3b2.jpeg
Khromix;Petit;2a6;10 min;Reflexe;1;https://ulule.me/presales/4/7/6/11674/khromix_vue_globale_jpg_640x860_q85.jpg
Twinit !;Petit;2a6;;Rapidite, reflexion;1;https://cdn1.philibertnet.com/502880-thickbox_default/twin-it.jpg
Tranquillite;Petit;1a5;20 min;Coop;1;https://image.darty.com/darty?type=image&source=/market/2023/09/01/19468743_3723_1.jpg&width=497&height=330&quality=95&effects=Pad(CC,FFFFFF)
Linkto;Petit;1a10;30a45 min;Coop, culture G;1;https://cdn2.philibertnet.com/472779-thickbox_default/linkto-cuisine.jpg
Novembre rouge;Petit;3a10;1a2 h;Coop;1;https://ludovox-fr.exactdn.com/wp-content/uploads/2014/06/jeu-de-societe-novembre-rouge.png?strip=all&lossy=1&ssl=1
Not alone;Petit;2a7;30a45 min;Coop, bluff;2;https://i0.wp.com/gusandco.net/wp-content/uploads/2016/09/notalone.jpg?fit=747%2C1024
A fake artist goes to New York;Petit;2a10;20 min;Roles caches;1;https://m.media-amazon.com/images/I/619wWrB4cXL.jpg
Crossfire;Petit;5a10;5a10 min;Roles caches;1;https://ludovox-fr.exactdn.com/wp-content/uploads/2017/03/crossfire-boite-plaid-hat-games-ludovox.jpg?strip=all&lossy=1&ssl=1
Secrets;Petit;4a8;20 min;Roles caches;1;https://m.media-amazon.com/images/I/819gGZtv8iL._AC_UF1000,1000_QL80_.jpg
Mito;Petit;3a5;25 min;Jeux de Cartes;1;https://joueclub-joueclub-fr-storage.omn.proximis.com/Imagestorage/imagesSynchro/0/0/80cf1a64794e48bf3e4d67e65fea5cca04fc5221_06040809.jpeg
Uno;Petit;2a10;5 min;Jeux de cartes;1;https://m.media-amazon.com/images/I/71iUWr9AgYL._AC_UF1000,1000_QL80_.jpg
6 qui prend !;Petit;2a10;10 min;Reflexion;1;https://m.media-amazon.com/images/I/81Mehg9cPCL.jpg
Non merci !;Petit;3a5;20 min;Reflexion;1;https://m.media-amazon.com/images/I/71Mspmwr4aL._AC_UF1000,1000_QL80_.jpg
Gang de castors;Petit;2a6;20 min;Reflexion;1;https://m.media-amazon.com/images/I/7171zQPDUKL._AC_UF1000,1000_QL80_.jpg
Cortex challenge;Petit;2a6;15 min;Reflexion;1;https://m.media-amazon.com/images/I/81N4AavTB-L.jpg
Skyjo;Petit;2a8;10a15 min;Reflexion;1;https://joueclub-joueclub-fr-storage.omn.proximis.com/Imagestorage/imagesSynchro/0/0/d46a8ee6930e53ad1231777e55c4ed9d1407c087_06029027.jpeg
La guerre des moutons;Petit;2a4;30 min;Strategie;2;https://static.fnac-static.com/multimedia/Images/FR/NR/83/2a/20/2108035/1540-1/tsp20161013084410/La-guerre-des-moutons-Asmodee.jpg
Robin Wood;Petit;2a4;15 min;Bluff;1;https://i1.wp.com/gusandco.net/wp-content/uploads/2018/09/robin-wood.jpg?fit=372%2C372
La fievre de l'or;Petit;3a5;45 min;Strategie;1;https://www.lencephalo.com/wp-content/uploads/2018/08/la-fievre-de-l-or-eclate.jpg
Camelot;Petit;2a5;40 min;Strategie;2;https://static.fnac-static.com/multimedia/FR/Images_Produits/FR/fnac.com/Visual_Principal_340/6/6/2/3558380000266/tsp20120919180422/Asmodee-Camelot.jpg
Service compris !;Petit;2a6;45 min;Strategie;1;https://joueclub-joueclub-fr-storage.omn.proximis.com/Imagestorage/imagesSynchro/0/0/6cf0708959e21c68eb8e490ca39d246834d6e10d_06023811.jpeg
Kinoko;Petit;2a4;20 min;Strategie;1;https://cdn2.philibertnet.com/533237-thickbox_default/kinoko.jpg
Noe;Petit;2a5;30 min;Reflexion;1;https://cdn1.philibertnet.com/316332-large_default/noe.jpg
The city;Petit;2a5;30 min;Strategie;1;https://img.over-blog.com/600x448/3/53/65/32/New/thecity.jpg
Bohnanza : Le bizness des haricots;Petit;2a5;45 min;Strategie;1;https://cdn2.trictrac.net/documents/formats/enlargement/documents/originals/c8/6b/1a0149d176bb16780885df18101681a51c46.jpeg
De l'orc pour les braves;Petit;4a7;45 min;Strategie;1;https://cdn1.trictrac.net/documents/formats/enlargement/documents/originals/55/4c/d06a49f13db0862b36a801bf799bdd690a0b.jpeg
Tchin Tchin;Petit;4a8;;Soiree;2;https://www.jeuxdenim.be/images/jeux/TchinTchin_large01.jpg
Cosmic attack;Petit;3a6;;Soiree;1;https://m.media-amazon.com/images/I/61TVebb1n3L._AC_UF894,1000_QL80_.jpg
Bluff party;Petit;4a50;;Soiree, bluff;1;https://www.espritjeu.com/upload/image/bluff-party---orange-p-image-78775-grande.png
Taggle;Petit;2a5;;Soiree;1;https://choupichoupa.fr/wp-content/uploads/2023/07/TAGGLE_2.png
La boite d'apero;Petit;2a8;1h;Soiree;1;https://m.media-amazon.com/images/W/MEDIAX_792452-T2/images/I/41CWnxU4zlL._AC_UF1000,1000_QL80_.jpg
Limite limite;Petit;3a+inf;30 min a 2h;Soiree;2;https://www.espritjeu.com/upload/image/limite-limite-p-image-75040-grande.jpg
Oriflamme;Petit;3a5;20 min;Strategie;1;https://m.media-amazon.com/images/I/816EWmXtejL._AC_UF1000,1000_QL80_.jpg
Exploding kittens;Petit;2a5;15 min;Soiree;1;https://cdn1.philibertnet.com/384580-large_default/exploding-kittens-vf.jpg
Bazar bizarre;Petit;2a8;20 min;Reflexe;1;https://www.gigamic.com/587-large_default/bazar-bizarre.jpg
Munchkin;Petit;3a8;1h;JdR;1;https://lagranderecre-lagranderecre-fr-storage.omn.proximis.com/Imagestorage/imagesSynchro/575/575/3701793ea39e6dacc23049e484a1a0252904ca76_IMG-PRODUCT-778201-1.jpeg
Munchkin extension : loot letter;;;;liee;1;https://www.ludicbox.fr/images/stories/virtuemart/product/munchkin-loot-letter-vf.jpg?auto=compress&cs=tinysrgb
Munchkin extension : 6;;;;liee;1;"https://www.fairplay-jeux.com/1587/munchkin-6-le-donjon-de-la-farce.jpg"""
Munchkin extension : Fu;;;;Independante;1;https://petitsfrenchies.com/wp-content/uploads/2016/08/cartes-jouer-70797.jpg
Munchkin extension : starmunchkin;;;;Independante;1;https://petitsfrenchies.com/wp-content/uploads/2016/08/cartes-jouer-70797.jpg
Munchkin extension : super munchkin;;;;Independante;1;https://petitsfrenchies.com/wp-content/uploads/2016/08/cartes-jouer-70797.jpg
Schotten totten;Petit;2;20 min;Strategie;1;https://petitsfrenchies.com/wp-content/uploads/2016/08/cartes-jouer-70797.jpg
Pingouins;Petit;2a4;20 min;Strategie;2;https://petitsfrenchies.com/wp-content/uploads/2016/08/cartes-jouer-70797.jpg
Citadelles : seconde edition;Petit;2a8;1h;Roles caches, strategie;2;https://petitsfrenchies.com/wp-content/uploads/2016/08/cartes-jouer-70797.jpg
Castel;Moyen;2a5;30 min;Strategie;1;https://petitsfrenchies.com/wp-content/uploads/2016/08/cartes-jouer-70797.jpg
Condottiere : 3e edition;Petit;2a6;30a45 min;Strategie;1;https://petitsfrenchies.com/wp-content/uploads/2016/08/cartes-jouer-70797.jpg
Timeline inventions;Petit;2a8;15 min;Culture G;1;https://petitsfrenchies.com/wp-content/uploads/2016/08/cartes-jouer-70797.jpg
Krach;Petit;2a4;45 min;Strategie;1;https://petitsfrenchies.com/wp-content/uploads/2016/08/cartes-jouer-70797.jpg
Mint delivery;Petit;1a5;15a30 min;Strategie;1;https://petitsfrenchies.com/wp-content/uploads/2016/08/cartes-jouer-70797.jpg
Guillotine;Petit;2a5;30 min;Strategie;1;https://petitsfrenchies.com/wp-content/uploads/2016/08/cartes-jouer-70797.jpg
Elixir;Petit;3a8;1h;Strategie;2;https://petitsfrenchies.com/wp-content/uploads/2016/08/cartes-jouer-70797.jpg
Elixir : extension;;;;liee;2;https://petitsfrenchies.com/wp-content/uploads/2016/08/cartes-jouer-70797.jpg
Timeline multi-themes;Petit;2a8;15 min;Culture G;1;https://petitsfrenchies.com/wp-content/uploads/2016/08/cartes-jouer-70797.jpg
La trilogie Leopold : le pendule des morts;Petit;1a5;1h30 min;Escape game;1;https://petitsfrenchies.com/wp-content/uploads/2016/08/cartes-jouer-70797.jpg
Black stories;Petit;2a20;2a30 min;Reflexion, coop;1;https://petitsfrenchies.com/wp-content/uploads/2016/08/cartes-jouer-70797.jpg
Killer party;Petit;8a50;;Soiree;1;https://petitsfrenchies.com/wp-content/uploads/2016/08/cartes-jouer-70797.jpg
Sandwich;Petit;3a6;15 min;Blabla;1;https://petitsfrenchies.com/wp-content/uploads/2016/08/cartes-jouer-70797.jpg
Il etait une fois;Petit;2a6;30 min;Blabla;1;https://petitsfrenchies.com/wp-content/uploads/2016/08/cartes-jouer-70797.jpg
Il etait une fois: reedition;Petit;2a6;30 min;Blabla;1;https://petitsfrenchies.com/wp-content/uploads/2016/08/cartes-jouer-70797.jpg
Democrazy;Petit;4a10;30 min;Blabla;1;https://petitsfrenchies.com/wp-content/uploads/2016/08/cartes-jouer-70797.jpg
Love letter;Petit;2a6;20 min;Bluff;2;https://petitsfrenchies.com/wp-content/uploads/2016/08/cartes-jouer-70797.jpg
Check;Petit;3a6;15 min;Memoire;1;https://petitsfrenchies.com/wp-content/uploads/2016/08/cartes-jouer-70797.jpg
Master islands;Petit;2a4;;Strategie;1;https://petitsfrenchies.com/wp-content/uploads/2016/08/cartes-jouer-70797.jpg
13 couronnes;Petit;2a5;30 min;Strategie;1;https://petitsfrenchies.com/wp-content/uploads/2016/08/cartes-jouer-70797.jpg
Anima : l'ombre d'omega;Petit;2a5;40 min a 1h40;JdR;1;https://petitsfrenchies.com/wp-content/uploads/2016/08/cartes-jouer-70797.jpg
Ohanami;Petit;2a4;20 min;Strategie;1;https://petitsfrenchies.com/wp-content/uploads/2016/08/cartes-jouer-70797.jpg
Oui, seigneur des tenebres !;Petit;4a16;20a30 min;Blabla, JdR;1;https://petitsfrenchies.com/wp-content/uploads/2016/08/cartes-jouer-70797.jpg
Oui, seigneur des tenebres ! : 2e edition;Petit;4a16;20a30 min;Blabla, JdR;1;https://petitsfrenchies.com/wp-content/uploads/2016/08/cartes-jouer-70797.jpg
Catham city;Petit;2a6;45 min;Strategie;1;https://petitsfrenchies.com/wp-content/uploads/2016/08/cartes-jouer-70797.jpg
Lunch money;Petit;2a6;10a20 min;Jeux de Cartes;1;https://petitsfrenchies.com/wp-content/uploads/2016/08/cartes-jouer-70797.jpg
Monopoly deal;Petit;2a5;15 min;Jeux de Cartes;1;https://petitsfrenchies.com/wp-content/uploads/2016/08/cartes-jouer-70797.jpg
Dobble;Petit;2a+inf;5a10 min;Reflexe;1;https://petitsfrenchies.com/wp-content/uploads/2016/08/cartes-jouer-70797.jpg
The mind;Petit;2a4;20 min;coop;1;https://petitsfrenchies.com/wp-content/uploads/2016/08/cartes-jouer-70797.jpg
The game;Petit;1a5;20 min;coop;1;https://petitsfrenchies.com/wp-content/uploads/2016/08/cartes-jouer-70797.jpg
Star realms;Petit;3 ou plus;30min a 1h;Deck building;1;https://petitsfrenchies.com/wp-content/uploads/2016/08/cartes-jouer-70797.jpg
Petits meurtres;Petit;4a7;45 min;Roles caches, blabla;1;https://petitsfrenchies.com/wp-content/uploads/2016/08/cartes-jouer-70797.jpg
Fantasy extension : 2;;;;liee;1;https://petitsfrenchies.com/wp-content/uploads/2016/08/cartes-jouer-70797.jpg
Peanut club;Moyen;3a6;20 min;Bluff, strategie;1;https://petitsfrenchies.com/wp-content/uploads/2016/08/cartes-jouer-70797.jpg
Boite a enigmes;Petit;2a12;30 min;Reflexion;1;https://petitsfrenchies.com/wp-content/uploads/2016/08/cartes-jouer-70797.jpg
Jungle speed;Petit;4a8;20 min;Reflexe;1;https://petitsfrenchies.com/wp-content/uploads/2016/08/cartes-jouer-70797.jpg
Perudo;Petit;2a6;30 min;Bluff;1;https://petitsfrenchies.com/wp-content/uploads/2016/08/cartes-jouer-70797.jpg
Les loups garous de Tiercelieux;Petit;7a40;;Roles caches, bluff;1;https://petitsfrenchies.com/wp-content/uploads/2016/08/cartes-jouer-70797.jpg
Loup garou pour une nuit : epic battle;Petit;3a10;10 min;Roles caches, bluff;1;https://petitsfrenchies.com/wp-content/uploads/2016/08/cartes-jouer-70797.jpg
Times up family;Petit;4 a plus;20 min;Soiree;1;https://petitsfrenchies.com/wp-content/uploads/2016/08/cartes-jouer-70797.jpg
Times up;Petit;4 a plus;20 min;Soiree;1;https://petitsfrenchies.com/wp-content/uploads/2016/08/cartes-jouer-70797.jpg
La boite a enigmes;Petit;3a13;20 min a 1h;Reflexion;1;https://petitsfrenchies.com/wp-content/uploads/2016/08/cartes-jouer-70797.jpg
Contrario;Petit;2a6;;Culture G;1;https://petitsfrenchies.com/wp-content/uploads/2016/08/cartes-jouer-70797.jpg
Shadow hunters;Moyen;4a8;30 min;Roles caches;1;https://petitsfrenchies.com/wp-content/uploads/2016/08/cartes-jouer-70797.jpg
Wanted !;Petit;4a7;20a40 min;Roles caches, strategie;1;https://petitsfrenchies.com/wp-content/uploads/2016/08/cartes-jouer-70797.jpg
Wanted ! : l'integrale;Moyen;3a8;20a40 min;Roles caches, strategie;1;https://petitsfrenchies.com/wp-content/uploads/2016/08/cartes-jouer-70797.jpg
Innovation;Petit;2a4;1h;Strategie;1;https://petitsfrenchies.com/wp-content/uploads/2016/08/cartes-jouer-70797.jpg
Top ten;Moyen;4a9;;Soiree;1;https://petitsfrenchies.com/wp-content/uploads/2016/08/cartes-jouer-70797.jpg
Fiesta de los muertos;Moyen;4a8;15 min;Soiree;1;https://petitsfrenchies.com/wp-content/uploads/2016/08/cartes-jouer-70797.jpg
Shadows amsterdam;Moyen;2a8;30 min;Plateau, reflexion;1;https://petitsfrenchies.com/wp-content/uploads/2016/08/cartes-jouer-70797.jpg
Roll for the galaxy extension : ambition;;;;liee;1;https://petitsfrenchies.com/wp-content/uploads/2016/08/cartes-jouer-70797.jpg
Creatures & cultistes;Petite;3a5;;JdR;1;https://petitsfrenchies.com/wp-content/uploads/2016/08/cartes-jouer-70797.jpg
Decrypto;Moyen;3a8;30 min;Reflexion;1;https://petitsfrenchies.com/wp-content/uploads/2016/08/cartes-jouer-70797.jpg
Champ d'honneur;Moyen;2a4;45 min;Plateau;1;https://petitsfrenchies.com/wp-content/uploads/2016/08/cartes-jouer-70797.jpg
Just one;Moyen;3a7;20 min;Soiree, reflexion;1;https://petitsfrenchies.com/wp-content/uploads/2016/08/cartes-jouer-70797.jpg
Paper tales;Moyen;2a5;30 min;Strategie;1;https://petitsfrenchies.com/wp-content/uploads/2016/08/cartes-jouer-70797.jpg
OleMains !;Petit;4a16;20 min;Soiree;1;https://petitsfrenchies.com/wp-content/uploads/2016/08/cartes-jouer-70797.jpg
baiam;Moyen;1a4;45 min;JdR;1;https://petitsfrenchies.com/wp-content/uploads/2016/08/cartes-jouer-70797.jpg
Carcassonne;Moyen;2a5;35 min;Plateau;3;https://petitsfrenchies.com/wp-content/uploads/2016/08/cartes-jouer-70797.jpg
Trek 12 amazonie;Moyen;1a+inf;15 min;Reflexion;1;https://petitsfrenchies.com/wp-content/uploads/2016/08/cartes-jouer-70797.jpg
Carcassonne extension 2 : marchands & batisseurs;;;;liee;2;https://petitsfrenchies.com/wp-content/uploads/2016/08/cartes-jouer-70797.jpg
Jeux videos;Moyen;2a10;;Culture G;1;https://petitsfrenchies.com/wp-content/uploads/2016/08/cartes-jouer-70797.jpg
Gosu;Moyen;2a4;20a45 min;Deck building;1;https://petitsfrenchies.com/wp-content/uploads/2016/08/cartes-jouer-70797.jpg
Gosu extension : kamakor;;;;Independante;1;https://petitsfrenchies.com/wp-content/uploads/2016/08/cartes-jouer-70797.jpg
Code names;Moyen;2a8;15 min;Reflexion, coop;2;https://petitsfrenchies.com/wp-content/uploads/2016/08/cartes-jouer-70797.jpg
Shamanz;Moyen;3a5;40 min;Roles caches;1;https://petitsfrenchies.com/wp-content/uploads/2016/08/cartes-jouer-70797.jpg
Botanik;Petit;2;30 min;Plateau;1;https://petitsfrenchies.com/wp-content/uploads/2016/08/cartes-jouer-70797.jpg
District noir;Petit;2;15 min;Jeux de cartes, strategie;1;https://petitsfrenchies.com/wp-content/uploads/2016/08/cartes-jouer-70797.jpg
Six pieds sous terre;Petit;3a5;45 min;Strategie;1;https://petitsfrenchies.com/wp-content/uploads/2016/08/cartes-jouer-70797.jpg
Demon worker;Moyen;3a4;45 min;Strategie, gestion;1;https://petitsfrenchies.com/wp-content/uploads/2016/08/cartes-jouer-70797.jpg
L'or des dragons;Moyen;3a6;30 min;Strategie;1;https://petitsfrenchies.com/wp-content/uploads/2016/08/cartes-jouer-70797.jpg
Draco & co;Moyen;3a6;30 min;Strategie;1;https://petitsfrenchies.com/wp-content/uploads/2016/08/cartes-jouer-70797.jpg
Sans foi ni loi;Moyen;3a6;1h;Strategie;1;https://petitsfrenchies.com/wp-content/uploads/2016/08/cartes-jouer-70797.jpg
Fantasy pub;Petit;2a5;20a40 min;Strategie;1;https://petitsfrenchies.com/wp-content/uploads/2016/08/cartes-jouer-70797.jpg
Legendes de Camelot;Moyen;2a4;1h a 1h30 min;JdR;1;https://petitsfrenchies.com/wp-content/uploads/2016/08/cartes-jouer-70797.jpg
Welcome to your perfect home;Moyen;1a100;25 min;Plateau;1;https://petitsfrenchies.com/wp-content/uploads/2016/08/cartes-jouer-70797.jpg
Minivilles;Moyen;2a4;30 min;Strategie, gestion;1;https://petitsfrenchies.com/wp-content/uploads/2016/08/cartes-jouer-70797.jpg
Killer;Petit;3a+inf;WE;JdR, jeux de cartes;1;https://petitsfrenchies.com/wp-content/uploads/2016/08/cartes-jouer-70797.jpg
7 Wonders duel;Moyen;2;30 min;Strategie;1;https://petitsfrenchies.com/wp-content/uploads/2016/08/cartes-jouer-70797.jpg
7 Wonders duel extension : pantheon;;;;liee;2;https://petitsfrenchies.com/wp-content/uploads/2016/08/cartes-jouer-70797.jpg
7 Wonders duel extension : agora;;;;liee;1;https://petitsfrenchies.com/wp-content/uploads/2016/08/cartes-jouer-70797.jpg
Complices;Grand;2;20 min;Coop;1;https://petitsfrenchies.com/wp-content/uploads/2016/08/cartes-jouer-70797.jpg
Century;Grand;2a5;30 a 45;Gestion, deck building;1;https://petitsfrenchies.com/wp-content/uploads/2016/08/cartes-jouer-70797.jpg
L'ile interdite;Moyen;2a4;30 min;Coop;1;https://petitsfrenchies.com/wp-content/uploads/2016/08/cartes-jouer-70797.jpg
Calico;Grand;1a4;30a45 min;Plateau;1;https://petitsfrenchies.com/wp-content/uploads/2016/08/cartes-jouer-70797.jpg
La legende des cinq anneaux;Grand;2;45min a 1h30;Jeux de cartes, strategie;1;https://petitsfrenchies.com/wp-content/uploads/2016/08/cartes-jouer-70797.jpg
Akropolis;Grand;2a4;25 min;Plateau;1;https://petitsfrenchies.com/wp-content/uploads/2016/08/cartes-jouer-70797.jpg
Tsuro;Grand;2a8;15a20 min;Plateau;1;https://petitsfrenchies.com/wp-content/uploads/2016/08/cartes-jouer-70797.jpg
Arena for the gods !;Grand;2a6;30 min;Plateau, strategie;1;https://petitsfrenchies.com/wp-content/uploads/2016/08/cartes-jouer-70797.jpg
Jamaica;Grand;2a6;30 min a 1h;Plateau;1;https://petitsfrenchies.com/wp-content/uploads/2016/08/cartes-jouer-70797.jpg
Skaal;Grand;3a6;1h;Plateau;1;https://petitsfrenchies.com/wp-content/uploads/2016/08/cartes-jouer-70797.jpg
7 Wonders;Grand;2a7;30 min;Strategie, gestion;2;https://petitsfrenchies.com/wp-content/uploads/2016/08/cartes-jouer-70797.jpg
7 Wonders extension : pack;;;;liee;1;https://petitsfrenchies.com/wp-content/uploads/2016/08/cartes-jouer-70797.jpg
7 Wonders extension : babel;;;;liee;1;https://petitsfrenchies.com/wp-content/uploads/2016/08/cartes-jouer-70797.jpg
7 Wonders extension : leaders;;;;liee;2;https://petitsfrenchies.com/wp-content/uploads/2016/08/cartes-jouer-70797.jpg
7 Wonders extension : cities;;;;liee;1;https://petitsfrenchies.com/wp-content/uploads/2016/08/cartes-jouer-70797.jpg
Roll for the galaxy;Grand;2a5;45 min;Strategie, gestion;1;https://petitsfrenchies.com/wp-content/uploads/2016/08/cartes-jouer-70797.jpg
The big book of madness;Grand;2a5;1h a 1h30 min;Strategie, gestion;1;https://petitsfrenchies.com/wp-content/uploads/2016/08/cartes-jouer-70797.jpg
Smash up;Grand;2a4;45 min;Jeux de cartes, strategie;2;https://petitsfrenchies.com/wp-content/uploads/2016/08/cartes-jouer-70797.jpg
Smash up extension : cthulhu fhtagn;;;;independante;1;https://petitsfrenchies.com/wp-content/uploads/2016/08/cartes-jouer-70797.jpg
Smash up extension : ressemblances;;;;independante;1;https://petitsfrenchies.com/wp-content/uploads/2016/08/cartes-jouer-70797.jpg
Smash up extension : series B;;;;independante;1;https://petitsfrenchies.com/wp-content/uploads/2016/08/cartes-jouer-70797.jpg
Time stories;Grand;2a4;1h30 min;JdR, Escape game;1;https://petitsfrenchies.com/wp-content/uploads/2016/08/cartes-jouer-70797.jpg
Time stories extension : expedition : endurance;;;;liee;1;https://petitsfrenchies.com/wp-content/uploads/2016/08/cartes-jouer-70797.jpg
Time stories extension : freres de la cote;;;;liee;1;https://petitsfrenchies.com/wp-content/uploads/2016/08/cartes-jouer-70797.jpg
Time stories extension : la prophetie des dragons;;;;liee;1;https://petitsfrenchies.com/wp-content/uploads/2016/08/cartes-jouer-70797.jpg
Time stories extension : sous le masque;;;;liee;1;https://petitsfrenchies.com/wp-content/uploads/2016/08/cartes-jouer-70797.jpg
Time stories extension : the mercy case;;;;liee;1;https://petitsfrenchies.com/wp-content/uploads/2016/08/cartes-jouer-70797.jpg
Time stories extension : une nuit d'ete;;;;liee;1;https://petitsfrenchies.com/wp-content/uploads/2016/08/cartes-jouer-70797.jpg
Les chevaliers de la table ronde;Grand;3a7;1h a 1h20 min;Coop, plateau;1;https://petitsfrenchies.com/wp-content/uploads/2016/08/cartes-jouer-70797.jpg
Unlock : legendary adventures;Grand;1a6;1h;Escape game;1;https://petitsfrenchies.com/wp-content/uploads/2016/08/cartes-jouer-70797.jpg
Unlock : game adventures;Grand;1a6;1h;Escape game;1;https://petitsfrenchies.com/wp-content/uploads/2016/08/cartes-jouer-70797.jpg
Unlock : escape adventures;Grand;2a6;1h;Escape game;1;https://petitsfrenchies.com/wp-content/uploads/2016/08/cartes-jouer-70797.jpg
Unlock : heroic adventures;Grand;1a6;1h;Escape game;1;https://petitsfrenchies.com/wp-content/uploads/2016/08/cartes-jouer-70797.jpg
Exit le jeu : le phare solitaire;Moyen;1a4;1h30 min a 3h;Escape game;1;https://petitsfrenchies.com/wp-content/uploads/2016/08/cartes-jouer-70797.jpg
Exit le jeu : le tombeau du pharaon;Petit;1a4;45 min a 1h30 min;Escape game;1;https://petitsfrenchies.com/wp-content/uploads/2016/08/cartes-jouer-70797.jpg
Race for the galaxy extension : artefacts aliens;;;;liee;1;https://petitsfrenchies.com/wp-content/uploads/2016/08/cartes-jouer-70797.jpg
Dixit;Grand;3a12;30 min;Reflexion, joli;1;https://petitsfrenchies.com/wp-content/uploads/2016/08/cartes-jouer-70797.jpg
Novembre rouge : edition revisee;Grand;1a8;1a2h;Coop;1;https://petitsfrenchies.com/wp-content/uploads/2016/08/cartes-jouer-70797.jpg
Trivial poursuit : edition genius;Grand;2a36;30a45 min;Culture G;1;https://petitsfrenchies.com/wp-content/uploads/2016/08/cartes-jouer-70797.jpg
Concept;Grand;4a12;40 min;Reflexion;2;https://petitsfrenchies.com/wp-content/uploads/2016/08/cartes-jouer-70797.jpg
Qwirkle;Grand;2a4;30 min a 1h;Reflexion;1;https://petitsfrenchies.com/wp-content/uploads/2016/08/cartes-jouer-70797.jpg
Question de scrupules;Grand;3 ou plus;;Soiree;1;https://petitsfrenchies.com/wp-content/uploads/2016/08/cartes-jouer-70797.jpg
Horreur a Arkham;Grand;1a6;2a4h;JDR, plateau, gestion;2;https://petitsfrenchies.com/wp-content/uploads/2016/08/cartes-jouer-70797.jpg
Horreur a Arkham extension : la malediction du pharaon noir;;;;Liee;1;https://petitsfrenchies.com/wp-content/uploads/2016/08/cartes-jouer-70797.jpg
Horreur a Arkham extension : l'horreur de Dunwich;;;;Independante;1;https://petitsfrenchies.com/wp-content/uploads/2016/08/cartes-jouer-70797.jpg
Horreur a Arkham : vieille edition;Grand;1a8;2a3h;Plateau, gestion;1;https://petitsfrenchies.com/wp-content/uploads/2016/08/cartes-jouer-70797.jpg
Mysterium;Grand;2a7;42 min;Coop, reflexion, joli;1;https://petitsfrenchies.com/wp-content/uploads/2016/08/cartes-jouer-70797.jpg
Mysterium extension : hidden signs;;;;Liee;1;https://petitsfrenchies.com/wp-content/uploads/2016/08/cartes-jouer-70797.jpg
Mysterium extension : secrets and lies;;;;Liee;1;https://petitsfrenchies.com/wp-content/uploads/2016/08/cartes-jouer-70797.jpg
Trivial poursuit : edition millenium;Grand;2a36;30a45 min;Culture G;1;https://petitsfrenchies.com/wp-content/uploads/2016/08/cartes-jouer-70797.jpg
Canvas;Grand;1a5;30 min;Joli;1;https://petitsfrenchies.com/wp-content/uploads/2016/08/cartes-jouer-70797.jpg
Smallworld underground;Grand;2a5;30 min a 1h30 min;Plateau;1;https://petitsfrenchies.com/wp-content/uploads/2016/08/cartes-jouer-70797.jpg
Takenoko;Grand;2a4;45 min;Plateau;1;https://petitsfrenchies.com/wp-content/uploads/2016/08/cartes-jouer-70797.jpg
The hunger;Grand;2a6;1h;Plateau, deck building;1;https://petitsfrenchies.com/wp-content/uploads/2016/08/cartes-jouer-70797.jpg
Abalone;Grand;2;30 min;Reflexion;1;https://petitsfrenchies.com/wp-content/uploads/2016/08/cartes-jouer-70797.jpg
Pylos;Grand;2;10 min;Reflexion;1;https://petitsfrenchies.com/wp-content/uploads/2016/08/cartes-jouer-70797.jpg
Triominos;Grand;1a4;20 min;Reflexion;1;https://petitsfrenchies.com/wp-content/uploads/2016/08/cartes-jouer-70797.jpg
Diaballik;Grand;2;20 min;Reflexion;1;https://petitsfrenchies.com/wp-content/uploads/2016/08/cartes-jouer-70797.jpg
Zombicide saison 3 : rue morgue;Grand;1a12;1h;Coop, gestion;1;https://petitsfrenchies.com/wp-content/uploads/2016/08/cartes-jouer-70797.jpg
Quarto;Grand;2;10a20 min;Reflexion;2;https://petitsfrenchies.com/wp-content/uploads/2016/08/cartes-jouer-70797.jpg
Magic Maze;Grand;1a8;15 min;Coop, plateau;1;https://petitsfrenchies.com/wp-content/uploads/2016/08/cartes-jouer-70797.jpg
Magic Maze extension : maximum security;;;;liee;1;https://petitsfrenchies.com/wp-content/uploads/2016/08/cartes-jouer-70797.jpg
Zombies : la blonde, la brute et le truand;Grand;3a6;1h;Strategie;2;https://petitsfrenchies.com/wp-content/uploads/2016/08/cartes-jouer-70797.jpg
Le donjon de naheulbeuk;Grand;3a6;1h;JdR;1;https://petitsfrenchies.com/wp-content/uploads/2016/08/cartes-jouer-70797.jpg
Mahjong;Moyen;1a4;10 min;Reflexion;2;https://petitsfrenchies.com/wp-content/uploads/2016/08/cartes-jouer-70797.jpg
Shogi;Petit;2;;Reflexion;1;https://petitsfrenchies.com/wp-content/uploads/2016/08/cartes-jouer-70797.jpg
Aeon's end;Grand;1a4;1h;Coop, deck building;1;https://petitsfrenchies.com/wp-content/uploads/2016/08/cartes-jouer-70797.jpg
Imaginarium;Grand;2a5;1h30 min;Gestion;1;https://petitsfrenchies.com/wp-content/uploads/2016/08/cartes-jouer-70797.jpg
Terraforming mars;Grand;1a5;1h30 min a 2h;Plateau, strategie, gestion;1;https://petitsfrenchies.com/wp-content/uploads/2016/08/cartes-jouer-70797.jpg
Destinies;Grand;1a3;2h a 2h30 min;JdR;1;https://petitsfrenchies.com/wp-content/uploads/2016/08/cartes-jouer-70797.jpg
Captain sonar;Grand;2a8;45 min;Coop, strategie;1;https://petitsfrenchies.com/wp-content/uploads/2016/08/cartes-jouer-70797.jpg
Boutiques a Venise;Grand;3a5;1h;Roles caches, bluff, plateau;1;https://petitsfrenchies.com/wp-content/uploads/2016/08/cartes-jouer-70797.jpg
Dominion;Grand;2a4;30 min;Deck building;2;https://petitsfrenchies.com/wp-content/uploads/2016/08/cartes-jouer-70797.jpg
Les demeures de l'epouvante;Grand;1a5;2a3h;JdR, coop;1;https://petitsfrenchies.com/wp-content/uploads/2016/08/cartes-jouer-70797.jpg
Les demeures de l'epouvante extension : les rues d'Arkham;;;;liee;1;https://petitsfrenchies.com/wp-content/uploads/2016/08/cartes-jouer-70797.jpg
Jungle speed geant;Moyen;4a8;20 min;Reflexe;1;https://petitsfrenchies.com/wp-content/uploads/2016/08/cartes-jouer-70797.jpg
Morfals;Grand;2;;Reflexion;2;https://petitsfrenchies.com/wp-content/uploads/2016/08/cartes-jouer-70797.jpg
Les loups garous de Tiercelieux : le pacte;Grand;6a40;;Roles caches;2;https://petitsfrenchies.com/wp-content/uploads/2016/08/cartes-jouer-70797.jpg
Senji;Grand;3a6;1h30 min;Plateau, gestion;2;https://petitsfrenchies.com/wp-content/uploads/2016/08/cartes-jouer-70797.jpg
Pandemie;Grand;2a4;45 min;Coop, plateau;1;https://petitsfrenchies.com/wp-content/uploads/2016/08/cartes-jouer-70797.jpg
Les inventeurs;Grand;2a5;40 min;Gestion;1;https://petitsfrenchies.com/wp-content/uploads/2016/08/cartes-jouer-70797.jpg
Pandemie extension : au seuil de la catastrophe;;;;liee;1;https://petitsfrenchies.com/wp-content/uploads/2016/08/cartes-jouer-70797.jpg
Ricochet robots;Grand;1a+inf;30 min;Reflexion;1;https://petitsfrenchies.com/wp-content/uploads/2016/08/cartes-jouer-70797.jpg
echecs electroniques;Grand;1a2;;Reflexion;1;https://petitsfrenchies.com/wp-content/uploads/2016/08/cartes-jouer-70797.jpg
Go;Grand;2;;Reflexion;1;https://petitsfrenchies.com/wp-content/uploads/2016/08/cartes-jouer-70797.jpg
Mystere de l'abbaye;Grand;3a6;1h a 1h30 min;Plateau, reflexion;1;https://petitsfrenchies.com/wp-content/uploads/2016/08/cartes-jouer-70797.jpg
Archipelago;Grand;2a5;30 min a 4h;Gestion, plateau, semi-cooperatif;1;https://petitsfrenchies.com/wp-content/uploads/2016/08/cartes-jouer-70797.jpg
Sagrada;Grand;1a4;40 min;Reflexion, joli;1;https://petitsfrenchies.com/wp-content/uploads/2016/08/cartes-jouer-70797.jpg
Agricola;Grand;1a5;30 min/joueur;Gestion;2;https://petitsfrenchies.com/wp-content/uploads/2016/08/cartes-jouer-70797.jpg
Identik;Grand;3 ou plus;45 min;Soiree;1;https://petitsfrenchies.com/wp-content/uploads/2016/08/cartes-jouer-70797.jpg
Disque-monde : ankh-morpork;Grand;2a5;1h;Plateau, strategie;1;https://petitsfrenchies.com/wp-content/uploads/2016/08/cartes-jouer-70797.jpg
Newton;Grand;1a4;1h30 min;Plateau, gestion;1;https://petitsfrenchies.com/wp-content/uploads/2016/08/cartes-jouer-70797.jpg
Objets trouves;Grand;4a9;45 min;Reflexion;1;https://petitsfrenchies.com/wp-content/uploads/2016/08/cartes-jouer-70797.jpg
Deluges;Grand;3a4;1h30 min;Plateau, raciste;1;https://petitsfrenchies.com/wp-content/uploads/2016/08/cartes-jouer-70797.jpg
Room-25;Grand;1a6;30 min;Plateau;1;https://petitsfrenchies.com/wp-content/uploads/2016/08/cartes-jouer-70797.jpg
Seasons;Grand;2a4;1h;Deck building, gestion;1;https://petitsfrenchies.com/wp-content/uploads/2016/08/cartes-jouer-70797.jpg
La fureur des dieux;Grand;3a6;45 min;Strategie, plateau;1;https://petitsfrenchies.com/wp-content/uploads/2016/08/cartes-jouer-70797.jpg
King of New York;Grand;2a6;40 min;Strategie, gestion;1;https://petitsfrenchies.com/wp-content/uploads/2016/08/cartes-jouer-70797.jpg
Detective : un jeu d'enquete moderne;Grand;1a5;2a3h;Reflexion;1;https://petitsfrenchies.com/wp-content/uploads/2016/08/cartes-jouer-70797.jpg
Tzolk'in : le calendrier maya;Grand;2a4;1h30 min;Plateau, gestion;1;https://petitsfrenchies.com/wp-content/uploads/2016/08/cartes-jouer-70797.jpg
Catan;Grand;3a4;1h15 min;Plateau, gestion;1;https://petitsfrenchies.com/wp-content/uploads/2016/08/cartes-jouer-70797.jpg
Andor;Grand;2a4;1h a 1h30 min;JdR, plateau;1;https://petitsfrenchies.com/wp-content/uploads/2016/08/cartes-jouer-70797.jpg
Galaxy trucker;Grand;2a4;1h;Gestion, plateau;1;https://petitsfrenchies.com/wp-content/uploads/2016/08/cartes-jouer-70797.jpg
Galaxy trucker extension : la grosse extension;;;;liee;1;https://petitsfrenchies.com/wp-content/uploads/2016/08/cartes-jouer-70797.jpg
Khora;Grand;2a4;1h15 min;Plateau, gestion;1;https://petitsfrenchies.com/wp-content/uploads/2016/08/cartes-jouer-70797.jpg
Fantasy;Petit;2a4;15 min;Deck building;1;https://petitsfrenchies.com/wp-content/uploads/2016/08/cartes-jouer-70797.jpg
Wingspan;Grand;1a5;1h;Plateau, gestion;1;https://petitsfrenchies.com/wp-content/uploads/2016/08/cartes-jouer-70797.jpg
Kingdomino;Grand;2a4;15 min;Plateau;1;https://petitsfrenchies.com/wp-content/uploads/2016/08/cartes-jouer-70797.jpg
Dracula;Grand;2;30 min;Reflexion;1;https://petitsfrenchies.com/wp-content/uploads/2016/08/cartes-jouer-70797.jpg
Hit z road;Grand;2a4;;Plateau;1;https://petitsfrenchies.com/wp-content/uploads/2016/08/cartes-jouer-70797.jpg
Cash'n guns;Grand;4a6;30 min;Bluff;1;https://petitsfrenchies.com/wp-content/uploads/2016/08/cartes-jouer-70797.jpg
Cash'n guns extension : team spirit;;4a9;;liee;1;https://petitsfrenchies.com/wp-content/uploads/2016/08/cartes-jouer-70797.jpg
Cash'n guns extension : more cash and more guns;;4a8;;liee;1;https://petitsfrenchies.com/wp-content/uploads/2016/08/cartes-jouer-70797.jpg
Inis : au coeur des legendes celtiques;Grand;2a4;1h;Plateau;1;https://petitsfrenchies.com/wp-content/uploads/2016/08/cartes-jouer-70797.jpg
Cash'n guns : second edition;Grand;4a6;30 min;Bluff;1;https://petitsfrenchies.com/wp-content/uploads/2016/08/cartes-jouer-70797.jpg
Oh capitaine !;Moyen;3a6;20 min;Strategie;1;https://petitsfrenchies.com/wp-content/uploads/2016/08/cartes-jouer-70797.jpg
Verone;Petit;2a5;;Strategie, reflexion;1;https://petitsfrenchies.com/wp-content/uploads/2016/08/cartes-jouer-70797.jpg
Nomades;Moyen;2a5;40 min;Strategie, gestion, plateau;1;https://petitsfrenchies.com/wp-content/uploads/2016/08/cartes-jouer-70797.jpg
Othello;Grand;2;;Reflexion;2;https://petitsfrenchies.com/wp-content/uploads/2016/08/cartes-jouer-70797.jpg
Notre dame;Grand;2a5;45 min a 1h15 min;Plateau, gestion;1;https://petitsfrenchies.com/wp-content/uploads/2016/08/cartes-jouer-70797.jpg
Ethnos;Grand;2a6;45 min a 1h;Gestion, plateau;1;https://petitsfrenchies.com/wp-content/uploads/2016/08/cartes-jouer-70797.jpg
Sharur evolutions;Grand;3a6;1h30 min;Gestion, plateau;1;https://petitsfrenchies.com/wp-content/uploads/2016/08/cartes-jouer-70797.jpg
Five tribes;Grand;2a4;40 min a 1h20;Plateau, gestion, deck building;1;https://petitsfrenchies.com/wp-content/uploads/2016/08/cartes-jouer-70797.jpg
Santorini;Grand;2a4;5 min;Reflexion, plateau;1;https://petitsfrenchies.com/wp-content/uploads/2016/08/cartes-jouer-70797.jpg
Eternity 2;Grand;1;inf;Reflexion;1;https://petitsfrenchies.com/wp-content/uploads/2016/08/cartes-jouer-70797.jpg
Les tavernes de la vallee profonde;Grand;2a4;1h;Deck building, plateau;1;https://petitsfrenchies.com/wp-content/uploads/2016/08/cartes-jouer-70797.jpg
Dungeon twister;Grand;2;45 min;JdR;1;https://petitsfrenchies.com/wp-content/uploads/2016/08/cartes-jouer-70797.jpg
Alchimistes;Grand;2a4;2h;Gestion, strategie, plateau;1;https://petitsfrenchies.com/wp-content/uploads/2016/08/cartes-jouer-70797.jpg
Sherlock holmes;Grand;1a8;1h30 min;Reflexion;1;https://petitsfrenchies.com/wp-content/uploads/2016/08/cartes-jouer-70797.jpg
Kahuna;Moyen;2;30a40 min;Strategie;1;https://petitsfrenchies.com/wp-content/uploads/2016/08/cartes-jouer-70797.jpg
Dice town;Grand;2a5;30a45 min;Strategie;1;https://petitsfrenchies.com/wp-content/uploads/2016/08/cartes-jouer-70797.jpg
La boite a enquetes criminelles;Moyen;3a13;30 min;Reflexion;1;https://petitsfrenchies.com/wp-content/uploads/2016/08/cartes-jouer-70797.jpg
Dice forge extension : rebellion;;;;liee;1;https://petitsfrenchies.com/wp-content/uploads/2016/08/cartes-jouer-70797.jpg
Splendor;Grand;2a4;30 min;Strategie;1;https://petitsfrenchies.com/wp-content/uploads/2016/08/cartes-jouer-70797.jpg
Sang rancune;Grand;3a6;40 min;Semi-coop, strategie;1;https://petitsfrenchies.com/wp-content/uploads/2016/08/cartes-jouer-70797.jpg
Romeo & Juliette;Moyen;2;30 min;Coop, JdR;1;https://petitsfrenchies.com/wp-content/uploads/2016/08/cartes-jouer-70797.jpg
5-minute dungeon;Grand;2a5;5 min;Coop, jeux de cartes;1;https://petitsfrenchies.com/wp-content/uploads/2016/08/cartes-jouer-70797.jpg
When I dream;Grand;4a10;30 min;Reflexion, joli;1;https://petitsfrenchies.com/wp-content/uploads/2016/08/cartes-jouer-70797.jpg
Illuminati;Grand;2a6;2h;Deck building;1;https://petitsfrenchies.com/wp-content/uploads/2016/08/cartes-jouer-70797.jpg
Medina : les architectures du desert;Grand;2a4;1h;Plateau, strategie;1;https://petitsfrenchies.com/wp-content/uploads/2016/08/cartes-jouer-70797.jpg
Puerto rico;Grand;2a5;1h30 min a 2h30 min;Gestion;2;https://petitsfrenchies.com/wp-content/uploads/2016/08/cartes-jouer-70797.jpg
Cerbere;Grand;3a7;45 min;Semi-coop, plateau;1;https://petitsfrenchies.com/wp-content/uploads/2016/08/cartes-jouer-70797.jpg
Arcanum;Grand;3a5;1h30 min;Strategie, plateau;1;https://petitsfrenchies.com/wp-content/uploads/2016/08/cartes-jouer-70797.jpg
PowerStruggle;Grand;3a5;1h30 min a 2h;Plateau, strategie, gestion;1;https://petitsfrenchies.com/wp-content/uploads/2016/08/cartes-jouer-70797.jpg
Cranium;Grand;4 ou plus;1h;Soiree;1;https://petitsfrenchies.com/wp-content/uploads/2016/08/cartes-jouer-70797.jpg
EVO : la dure vie des dinosaures;Grand;3a5;1a2h;Plateau;1;https://petitsfrenchies.com/wp-content/uploads/2016/08/cartes-jouer-70797.jpg
Cappuccino;Grand;2a4;15 min;Reflexion;2;https://petitsfrenchies.com/wp-content/uploads/2016/08/cartes-jouer-70797.jpg
L'ile au tresor;Grand;2a5;45 min;Strategie, plateau;1;https://petitsfrenchies.com/wp-content/uploads/2016/08/cartes-jouer-70797.jpg
Caylus;Grand;2a5;1h a 2h30 min;Plateau;1;https://petitsfrenchies.com/wp-content/uploads/2016/08/cartes-jouer-70797.jpg
Compatibility;Grand;3a6;;Soiree;1;https://petitsfrenchies.com/wp-content/uploads/2016/08/cartes-jouer-70797.jpg
Himalaya;Grand;3a4;1h30 min;Plateau;1;https://petitsfrenchies.com/wp-content/uploads/2016/08/cartes-jouer-70797.jpg
Les aventuriers du rail;Grand;2a5;30 min a 1h;Plateau;1;https://petitsfrenchies.com/wp-content/uploads/2016/08/cartes-jouer-70797.jpg
Colt express;Grand;2a6;40 min;Strategie;1;https://petitsfrenchies.com/wp-content/uploads/2016/08/cartes-jouer-70797.jpg
Ghost stories;Grand;1a4;1h;Coop, plateau;1;https://petitsfrenchies.com/wp-content/uploads/2016/08/cartes-jouer-70797.jpg
Dead or winter: la nuit la plus longue;Grand;2a5;1a2h;JdR;1;https://petitsfrenchies.com/wp-content/uploads/2016/08/cartes-jouer-70797.jpg
Meeple circus;Grand;2a5;45 min;Adresse;1;https://petitsfrenchies.com/wp-content/uploads/2016/08/cartes-jouer-70797.jpg
CS files;Grand;4a12;20 min;Reflexion;1;https://petitsfrenchies.com/wp-content/uploads/2016/08/cartes-jouer-70797.jpg
Ishtar;Grand;2a4;45 min;Plateau;1;https://petitsfrenchies.com/wp-content/uploads/2016/08/cartes-jouer-70797.jpg
Cite;Grand;3a4;45 min a 1h30 min;Plateau, gestion;1;https://petitsfrenchies.com/wp-content/uploads/2016/08/cartes-jouer-70797.jpg
Armada 3;Grand;2a4;1h30 min;Plateau, strategie;1;https://petitsfrenchies.com/wp-content/uploads/2016/08/cartes-jouer-70797.jpg
Questions pour un champion;Grand;2a5;;Culture G;1;https://petitsfrenchies.com/wp-content/uploads/2016/08/cartes-jouer-70797.jpg
The crew;Petit;3a5;20 min;Coop, jeux de cartes;1;https://petitsfrenchies.com/wp-content/uploads/2016/08/cartes-jouer-70797.jpg
Diplomacy;Grand;2a7;Tres long;Plateau;1;https://petitsfrenchies.com/wp-content/uploads/2016/08/cartes-jouer-70797.jpg
Full metal planete;Grand;2a4;;Plateau, strategie;1;https://petitsfrenchies.com/wp-content/uploads/2016/08/cartes-jouer-70797.jpg
World in flames;Grand;1a6;;Plateau, strategie;1;https://petitsfrenchies.com/wp-content/uploads/2016/08/cartes-jouer-70797.jpg
La foi et le glaive;Grand;6;;Plateau;1;https://petitsfrenchies.com/wp-content/uploads/2016/08/cartes-jouer-70797.jpg
The age of the rag'narok : confrontation;Grand;2;30 min;Strategie, figurines;1;https://petitsfrenchies.com/wp-content/uploads/2016/08/cartes-jouer-70797.jpg
Dix petits indiens;Grand;2a4;;Reflexion, plateau;1;https://petitsfrenchies.com/wp-content/uploads/2016/08/cartes-jouer-70797.jpg
SPQR;Grand;1a4;15a20 min;Strategie;1;https://petitsfrenchies.com/wp-content/uploads/2016/08/cartes-jouer-70797.jpg
Rummikub;Grand;2a4;15 min;Reflexion;1;https://petitsfrenchies.com/wp-content/uploads/2016/08/cartes-jouer-70797.jpg
Cluedo ?;Grand;2a6;45 min;Reflexion;1;https://petitsfrenchies.com/wp-content/uploads/2016/08/cartes-jouer-70797.jpg
Baron;Grand;2a5;1h15 min;Plateau;1;https://petitsfrenchies.com/wp-content/uploads/2016/08/cartes-jouer-70797.jpg
Tintin et le piege du totem dhor;Grand;2a4;;Plateau;1;https://petitsfrenchies.com/wp-content/uploads/2016/08/cartes-jouer-70797.jpg
Trivia game;Grand;3 ou plus;;JdR;1;https://petitsfrenchies.com/wp-content/uploads/2016/08/cartes-jouer-70797.jpg
Harry Potter a l'ecole des sorciers;Grand;3a6;;Reflexion, plateau;1;https://petitsfrenchies.com/wp-content/uploads/2016/08/cartes-jouer-70797.jpg
Ave Cesar;Grand;3a6;;Plateau;1;https://petitsfrenchies.com/wp-content/uploads/2016/08/cartes-jouer-70797.jpg
Vinci;Grand;3a6;2h;Plateau;1;https://petitsfrenchies.com/wp-content/uploads/2016/08/cartes-jouer-70797.jpg
Blood bowl;Grand;2;;Strategie, plateau, figurines;2;https://petitsfrenchies.com/wp-content/uploads/2016/08/cartes-jouer-70797.jpg
Tigre et Euphrate;Grand;2a4;1a2h;Plateau, strategie;1;https://petitsfrenchies.com/wp-content/uploads/2016/08/cartes-jouer-70797.jpg
Fantasy warriors;Grand;2 ou plus;;Strategie, figurines;1;https://petitsfrenchies.com/wp-content/uploads/2016/08/cartes-jouer-70797.jpg
Acquire;Grand;2a6;;Reflexion;1;https://petitsfrenchies.com/wp-content/uploads/2016/08/cartes-jouer-70797.jpg
1001 lapins;Petit;3a6;20 min;Jeux de cartes;1;https://petitsfrenchies.com/wp-content/uploads/2016/08/cartes-jouer-70797.jpg
L'age des dieux;Grand;3a5;1h30 min;Deck building, plateau;1;https://petitsfrenchies.com/wp-content/uploads/2016/08/cartes-jouer-70797.jpg
Britannia;Grand;3a5;3a4h;Plateau;1;https://petitsfrenchies.com/wp-content/uploads/2016/08/cartes-jouer-70797.jpg
Grands strateges;Grand;2;;Plateau;1;https://petitsfrenchies.com/wp-content/uploads/2016/08/cartes-jouer-70797.jpg
Vengeance a Chicago;Grand;2a4;;Plateau;1;https://petitsfrenchies.com/wp-content/uploads/2016/08/cartes-jouer-70797.jpg
Jarnac !;Grand;2 ou 4;;Reflexion;1;https://petitsfrenchies.com/wp-content/uploads/2016/08/cartes-jouer-70797.jpg
Terrain vague;Grand;2a4;;Plateau;1;https://petitsfrenchies.com/wp-content/uploads/2016/08/cartes-jouer-70797.jpg
SuperGang;Grand;2a5;;Plateau;1;https://petitsfrenchies.com/wp-content/uploads/2016/08/cartes-jouer-70797.jpg
Space crusade : l'ultime rencontre;Grand;;;Plateau, figurines;1;https://petitsfrenchies.com/wp-content/uploads/2016/08/cartes-jouer-70797.jpg
Res publica : romana;Grand;3a6;;Strategie;1;https://petitsfrenchies.com/wp-content/uploads/2016/08/cartes-jouer-70797.jpg
Civilisation;Grand;2a7;;Strategie;1;https://petitsfrenchies.com/wp-content/uploads/2016/08/cartes-jouer-70797.jpg
Armada;Grand;2a4;;Plateau;1;https://petitsfrenchies.com/wp-content/uploads/2016/08/cartes-jouer-70797.jpg
Guerriers des etoiles;Grand;2 ou plus;1h30 min a 3h;Plateau;1;https://petitsfrenchies.com/wp-content/uploads/2016/08/cartes-jouer-70797.jpg
Le gang des traction-avant;Grand;4a6;1h;Plateau;1;https://petitsfrenchies.com/wp-content/uploads/2016/08/cartes-jouer-70797.jpg
Barbe noire : la vraie vie des pirates;Grand;1a4;2a4h;Plateau, strategie;1;https://petitsfrenchies.com/wp-content/uploads/2016/08/cartes-jouer-70797.jpg
Le mot le plus long;Grand;2a8;;Reflexion;1;https://petitsfrenchies.com/wp-content/uploads/2016/08/cartes-jouer-70797.jpg
Fief 2;Grand;3a6;;Plateau;1;https://petitsfrenchies.com/wp-content/uploads/2016/08/cartes-jouer-70797.jpg
Mare nostrum;Grand;3a5;2h;Plateau, gestion;1;https://petitsfrenchies.com/wp-content/uploads/2016/08/cartes-jouer-70797.jpg
Risk;Grand;2a6;Tres long;Plateau, strategie;1;https://petitsfrenchies.com/wp-content/uploads/2016/08/cartes-jouer-70797.jpg
Mediterranee;Grand;2a4;;Plateau, gestion;1;https://petitsfrenchies.com/wp-content/uploads/2016/08/cartes-jouer-70797.jpg
Dune;Grand;2a6;2a3h;Strategie;1;https://petitsfrenchies.com/wp-content/uploads/2016/08/cartes-jouer-70797.jpg
Presidents les directeurs generaux;Grand;2a6;;Plateau;1;https://petitsfrenchies.com/wp-content/uploads/2016/08/cartes-jouer-70797.jpg
Long cours;Grand;3a6;;Plateau;1;https://petitsfrenchies.com/wp-content/uploads/2016/08/cartes-jouer-70797.jpg
Hero quest;Grand;;;JdR;1;https://petitsfrenchies.com/wp-content/uploads/2016/08/cartes-jouer-70797.jpg
Railway rivals;Grand;2a6;1h30 min;Plateau;1;https://petitsfrenchies.com/wp-content/uploads/2016/08/cartes-jouer-70797.jpg
La conquete du monde;Grand;3a6;;Plateau;1;https://petitsfrenchies.com/wp-content/uploads/2016/08/cartes-jouer-70797.jpg
Federation and empire;Grand;2a8;4h;Chiant a lire;1;https://petitsfrenchies.com/wp-content/uploads/2016/08/cartes-jouer-70797.jpg
Terraforming mars extension : colonies;;;;liee;1;https://petitsfrenchies.com/wp-content/uploads/2016/08/cartes-jouer-70797.jpg
Terraforming mars extension : prelude;;;;liee;1;https://petitsfrenchies.com/wp-content/uploads/2016/08/cartes-jouer-70797.jpg
Terraforming mars extension : venus next;;;;liee;1;https://petitsfrenchies.com/wp-content/uploads/2016/08/cartes-jouer-70797.jpg
Citadelles : 1ere edition;Petit;2a7;45 min;Roles caches, strategie;1;https://petitsfrenchies.com/wp-content/uploads/2016/08/cartes-jouer-70797.jpg
Scrabble;Moyen;2a4;1h;Reflexion;2;https://petitsfrenchies.com/wp-content/uploads/2016/08/cartes-jouer-70797.jpg
Scrabble deluxe;Grand;2a4;1h;Reflexion;1;https://petitsfrenchies.com/wp-content/uploads/2016/08/cartes-jouer-70797.jpg
Mastermind challenge;Grand;2;10 min;Reflexion;1;https://petitsfrenchies.com/wp-content/uploads/2016/08/cartes-jouer-70797.jpg
Junta;Grand;2a7;2a4h;Strategie;1;https://petitsfrenchies.com/wp-content/uploads/2016/08/cartes-jouer-70797.jpg
Cafe inetrnational;Grand;2a4;30a45 min;Plateau;1;https://petitsfrenchies.com/wp-content/uploads/2016/08/cartes-jouer-70797.jpg
Ave tenebrae;Grand;2a4;1h;Plateau, strategie;1;https://petitsfrenchies.com/wp-content/uploads/2016/08/cartes-jouer-70797.jpg
Renaissance;Grand;3a6;3h;Plateau;1;https://petitsfrenchies.com/wp-content/uploads/2016/08/cartes-jouer-70797.jpg
Rencontre cosmique;Grand;2a4;;Plateau;2;https://petitsfrenchies.com/wp-content/uploads/2016/08/cartes-jouer-70797.jpg
Risk 2210 A.D.;Grand;2a5;Long;Plateau;1;https://petitsfrenchies.com/wp-content/uploads/2016/08/cartes-jouer-70797.jpg
La vallee des mammouths;Grand;2a6;1a2h;Plateau;1;https://petitsfrenchies.com/wp-content/uploads/2016/08/cartes-jouer-70797.jpg
Foot mania;Grand;2a4;;Plateau, reflexion;1;https://petitsfrenchies.com/wp-content/uploads/2016/08/cartes-jouer-70797.jpg
Formule de;Grand;1a10;;Plateau;1;https://petitsfrenchies.com/wp-content/uploads/2016/08/cartes-jouer-70797.jpg
Afrika;Grand;2 ou plus;2a12h;Gestion, plateau;1;https://petitsfrenchies.com/wp-content/uploads/2016/08/cartes-jouer-70797.jpg
Colossum;Grand;3a5;1h a 1h30 min;Plateau, gestion;1;https://petitsfrenchies.com/wp-content/uploads/2016/08/cartes-jouer-70797.jpg
Pandemie : vieille version;Grand;2a4;45 min;Plateau;1;https://petitsfrenchies.com/wp-content/uploads/2016/08/cartes-jouer-70797.jpg
Petite malette de poker;Grand;2a+inf;;Jeux de Cartes;2;https://petitsfrenchies.com/wp-content/uploads/2016/08/cartes-jouer-70797.jpg
Grande malette de poker;Grand;2a+inf;;Jeux de Cartes;2;https://petitsfrenchies.com/wp-content/uploads/2016/08/cartes-jouer-70797.jpg
Maxi bourse;Grand;2a6;;Strategie;1;https://petitsfrenchies.com/wp-content/uploads/2016/08/cartes-jouer-70797.jpg
Zargos;Grand;2a6;;Plateau;1;https://petitsfrenchies.com/wp-content/uploads/2016/08/cartes-jouer-70797.jpg
Droids;Grand;1a4;;Reflexion, plateau;1;https://petitsfrenchies.com/wp-content/uploads/2016/08/cartes-jouer-70797.jpg
James bond 007 : le jeu;Grand;2a6;;Plateau;1;https://petitsfrenchies.com/wp-content/uploads/2016/08/cartes-jouer-70797.jpg
Cry Havoc;Grand;2 ou plus;;Gestion, plateau;1;https://petitsfrenchies.com/wp-content/uploads/2016/08/cartes-jouer-70797.jpg
Le lievre et la tortue;Grand;2a6;1h;Plateau;1;https://petitsfrenchies.com/wp-content/uploads/2016/08/cartes-jouer-70797.jpg
Starfun;Grand;2a8;;Plateau, strategie;1;https://petitsfrenchies.com/wp-content/uploads/2016/08/cartes-jouer-70797.jpg
It's a wonderful world extension : corruption and ascension;;;;liee;1;https://petitsfrenchies.com/wp-content/uploads/2016/08/cartes-jouer-70797.jpg
Hacker;Grand;3a6;1h30 min a 2h30 min;Jeux de cartes;1;https://petitsfrenchies.com/wp-content/uploads/2016/08/cartes-jouer-70797.jpg
Desert victory;Grand;;;Strategie;1;https://petitsfrenchies.com/wp-content/uploads/2016/08/cartes-jouer-70797.jpg
Le zakhia;Grand;2a4;;Reflexion;1;https://petitsfrenchies.com/wp-content/uploads/2016/08/cartes-jouer-70797.jpg
Zuma;Grand;3a6;;Reflexe, reflexion;1;https://petitsfrenchies.com/wp-content/uploads/2016/08/cartes-jouer-70797.jpg
Excalibur;Grand;2a6;;Plateau;1;https://petitsfrenchies.com/wp-content/uploads/2016/08/cartes-jouer-70797.jpg
Les dieux nomades;Grand;2a3;;Plateau;1;https://petitsfrenchies.com/wp-content/uploads/2016/08/cartes-jouer-70797.jpg
Not alone extension : exploration;;;;liee;1;https://petitsfrenchies.com/wp-content/uploads/2016/08/cartes-jouer-70797.jpg
Res arcana extension : lux et tenebrae;;;;liee;1;https://petitsfrenchies.com/wp-content/uploads/2016/08/cartes-jouer-70797.jpg
Jeu de 52;Petit;1a+inf;;Cartes;12;https://petitsfrenchies.com/wp-content/uploads/2016/08/cartes-jouer-70797.jpg
Jeu de 32;Petit;1a+inf;;Cartes;4;https://petitsfrenchies.com/wp-content/uploads/2016/08/cartes-jouer-70797.jpg
Tarot;Petit;3 a 5;;Cartes;7;https://petitsfrenchies.com/wp-content/uploads/2016/08/cartes-jouer-70797.jpg
Avalon;;;;;1;https://petitsfrenchies.com/wp-content/uploads/2016/08/cartes-jouer-70797.jpg
Celestia;Moyen;2a6;30 min;Bluff;1;https://petitsfrenchies.com/wp-content/uploads/2016/08/cartes-jouer-70797.jpg
Deep Sea Adventure;Petit;2a6;30 min;Cooperation;1;https://petitsfrenchies.com/wp-content/uploads/2016/08/cartes-jouer-70797.jpg
It's a wonderful world;Grand;1a5;45 min;Gestion;1;https://petitsfrenchies.com/wp-content/uploads/2016/08/cartes-jouer-70797.jpg
Race for the galaxy;;;;;1;https://petitsfrenchies.com/wp-content/uploads/2016/08/cartes-jouer-70797.jpg
Photosynthesis;Grand;2 a4;45 min a 1h;Plateau;1;https://petitsfrenchies.com/wp-content/uploads/2016/08/cartes-jouer-70797.jpg
Res Arcana;Grand;2a4;30 min a 1h;Deckbuilding;1;https://petitsfrenchies.com/wp-content/uploads/2016/08/cartes-jouer-70797.jpg
Res Arcana extension : Perlae Imperii;;;;;1;https://petitsfrenchies.com/wp-content/uploads/2016/08/cartes-jouer-70797.jpg
Loup Garou;;;;;1;https://petitsfrenchies.com/wp-content/uploads/2016/08/cartes-jouer-70797.jpg
King of Tokyo;Grand;2a6;40 min;Strategie, gestion;1;https://petitsfrenchies.com/wp-content/uploads/2016/08/cartes-jouer-70797.jpg
Abyss;Grand;02-avr;45 min;Gestion;1;https://petitsfrenchies.com/wp-content/uploads/2016/08/cartes-jouer-70797.jpg
Tu te mets combien;Grand;2a16;42 min a 1h37 min;Culture G;1;https://petitsfrenchies.com/wp-content/uploads/2016/08/cartes-jouer-70797.jpg
Dice Forge;Grand;2a4;45 min;Gestion;1;https://petitsfrenchies.com/wp-content/uploads/2016/08/cartes-jouer-70797.jpg
Codenames (ancienne edition);Moyen;2a8;15 min;Reflexion, coop;1;https://petitsfrenchies.com/wp-content/uploads/2016/08/cartes-jouer-70797.jpg
Les loups garous de Tiercelieux extension : Le village;;;;independante;1;https://petitsfrenchies.com/wp-content/uploads/2016/08/cartes-jouer-70797.jpg
Cluedo;Grand;3a6;30 min;Reflexion;1;https://petitsfrenchies.com/wp-content/uploads/2016/08/cartes-jouer-70797.jpg
Unlock : mystery adventures;Grand;1a6;1h;Escape game;1;https://petitsfrenchies.com/wp-content/uploads/2016/08/cartes-jouer-70797.jpg
Orz;Petit;2a10;5 min;Jeu de Cartes;1;https://petitsfrenchies.com/wp-content/uploads/2016/08/cartes-jouer-70797.jpg
Dixit extension : odyssey;;;;independante;2;https://petitsfrenchies.com/wp-content/uploads/2016/08/cartes-jouer-70797.jpg
OleMains ! Buffalo grill;Petit;2a16;30 min;Soiree;1;https://petitsfrenchies.com/wp-content/uploads/2016/08/cartes-jouer-70797.jpg
Caylus Magna Carta;Moyen;2a4;45 a 75 min;Gestion;1;https://petitsfrenchies.com/wp-content/uploads/2016/08/cartes-jouer-70797.jpg
Unlock : extraordinary adventures;Grand;1a6;1h;Escape game;1;https://petitsfrenchies.com/wp-content/uploads/2016/08/cartes-jouer-70797.jpg
