Nom;Support;Type;Nombre;Image
Burnout 3 Takedown;Xbox;Jeu;1;https://static.vecteezy.com/ti/vecteur-libre/p3/14057818-jeu-video-avec-des-enfants-jouant-des-controleurs-de-manette-de-jeu-console-de-combat-sur-un-ordinateur-mobile-android-dans-un-dessin-anime-plat-illustration-de-modele-dessine-a-la-main-vectoriel.jpg
Halo 2;Xbox;Jeu;1;https://static.vecteezy.com/ti/vecteur-libre/p3/14057818-jeu-video-avec-des-enfants-jouant-des-controleurs-de-manette-de-jeu-console-de-combat-sur-un-ordinateur-mobile-android-dans-un-dessin-anime-plat-illustration-de-modele-dessine-a-la-main-vectoriel.jpg
Ninja Gaiden;Xbox;Jeu;1;https://static.vecteezy.com/ti/vecteur-libre/p3/14057818-jeu-video-avec-des-enfants-jouant-des-controleurs-de-manette-de-jeu-console-de-combat-sur-un-ordinateur-mobile-android-dans-un-dessin-anime-plat-illustration-de-modele-dessine-a-la-main-vectoriel.jpg
Silent Hill2: inner fears;Xbox;Jeu;1;https://static.vecteezy.com/ti/vecteur-libre/p3/14057818-jeu-video-avec-des-enfants-jouant-des-controleurs-de-manette-de-jeu-console-de-combat-sur-un-ordinateur-mobile-android-dans-un-dessin-anime-plat-illustration-de-modele-dessine-a-la-main-vectoriel.jpg
Super Monkey Ball Deluxe;Xbox;Jeu;1;https://static.vecteezy.com/ti/vecteur-libre/p3/14057818-jeu-video-avec-des-enfants-jouant-des-controleurs-de-manette-de-jeu-console-de-combat-sur-un-ordinateur-mobile-android-dans-un-dessin-anime-plat-illustration-de-modele-dessine-a-la-main-vectoriel.jpg
The Chronicles of Riddick: Escape from Butcher Bay;Xbox;Jeu;1;https://static.vecteezy.com/ti/vecteur-libre/p3/14057818-jeu-video-avec-des-enfants-jouant-des-controleurs-de-manette-de-jeu-console-de-combat-sur-un-ordinateur-mobile-android-dans-un-dessin-anime-plat-illustration-de-modele-dessine-a-la-main-vectoriel.jpg
Smash 4;Wii U;Jeu;1;https://static.vecteezy.com/ti/vecteur-libre/p3/14057818-jeu-video-avec-des-enfants-jouant-des-controleurs-de-manette-de-jeu-console-de-combat-sur-un-ordinateur-mobile-android-dans-un-dessin-anime-plat-illustration-de-modele-dessine-a-la-main-vectoriel.jpg
Call of Duty 3;Wii;Jeu;1;https://static.vecteezy.com/ti/vecteur-libre/p3/14057818-jeu-video-avec-des-enfants-jouant-des-controleurs-de-manette-de-jeu-console-de-combat-sur-un-ordinateur-mobile-android-dans-un-dessin-anime-plat-illustration-de-modele-dessine-a-la-main-vectoriel.jpg
Deadly Creatures;Wii;Jeu;1;https://static.vecteezy.com/ti/vecteur-libre/p3/14057818-jeu-video-avec-des-enfants-jouant-des-controleurs-de-manette-de-jeu-console-de-combat-sur-un-ordinateur-mobile-android-dans-un-dessin-anime-plat-illustration-de-modele-dessine-a-la-main-vectoriel.jpg
Just Dance 2;Wii;Jeu;1;https://static.vecteezy.com/ti/vecteur-libre/p3/14057818-jeu-video-avec-des-enfants-jouant-des-controleurs-de-manette-de-jeu-console-de-combat-sur-un-ordinateur-mobile-android-dans-un-dessin-anime-plat-illustration-de-modele-dessine-a-la-main-vectoriel.jpg
Mario Strikers Charged Football;Wii;Jeu;1;https://static.vecteezy.com/ti/vecteur-libre/p3/14057818-jeu-video-avec-des-enfants-jouant-des-controleurs-de-manette-de-jeu-console-de-combat-sur-un-ordinateur-mobile-android-dans-un-dessin-anime-plat-illustration-de-modele-dessine-a-la-main-vectoriel.jpg
Medal of Honor: Heroes 2;Wii;Jeu;1;https://static.vecteezy.com/ti/vecteur-libre/p3/14057818-jeu-video-avec-des-enfants-jouant-des-controleurs-de-manette-de-jeu-console-de-combat-sur-un-ordinateur-mobile-android-dans-un-dessin-anime-plat-illustration-de-modele-dessine-a-la-main-vectoriel.jpg
Metroid Prime 3: Corruption;Wii;Jeu;1;https://static.vecteezy.com/ti/vecteur-libre/p3/14057818-jeu-video-avec-des-enfants-jouant-des-controleurs-de-manette-de-jeu-console-de-combat-sur-un-ordinateur-mobile-android-dans-un-dessin-anime-plat-illustration-de-modele-dessine-a-la-main-vectoriel.jpg
Metroid: Other M;Wii;Jeu;1;https://static.vecteezy.com/ti/vecteur-libre/p3/14057818-jeu-video-avec-des-enfants-jouant-des-controleurs-de-manette-de-jeu-console-de-combat-sur-un-ordinateur-mobile-android-dans-un-dessin-anime-plat-illustration-de-modele-dessine-a-la-main-vectoriel.jpg
Need for Speed: Carbon;Wii;Jeu;1;https://static.vecteezy.com/ti/vecteur-libre/p3/14057818-jeu-video-avec-des-enfants-jouant-des-controleurs-de-manette-de-jeu-console-de-combat-sur-un-ordinateur-mobile-android-dans-un-dessin-anime-plat-illustration-de-modele-dessine-a-la-main-vectoriel.jpg
Prince of Persia: Rival Swords;Wii;Jeu;1;https://static.vecteezy.com/ti/vecteur-libre/p3/14057818-jeu-video-avec-des-enfants-jouant-des-controleurs-de-manette-de-jeu-console-de-combat-sur-un-ordinateur-mobile-android-dans-un-dessin-anime-plat-illustration-de-modele-dessine-a-la-main-vectoriel.jpg
Project Zero 2;Wii;Jeu;1;https://static.vecteezy.com/ti/vecteur-libre/p3/14057818-jeu-video-avec-des-enfants-jouant-des-controleurs-de-manette-de-jeu-console-de-combat-sur-un-ordinateur-mobile-android-dans-un-dessin-anime-plat-illustration-de-modele-dessine-a-la-main-vectoriel.jpg
Smash Brawl;Wii;Jeu;1;https://static.vecteezy.com/ti/vecteur-libre/p3/14057818-jeu-video-avec-des-enfants-jouant-des-controleurs-de-manette-de-jeu-console-de-combat-sur-un-ordinateur-mobile-android-dans-un-dessin-anime-plat-illustration-de-modele-dessine-a-la-main-vectoriel.jpg
SSX3 (Gamecube);Wii;Jeu;1;https://static.vecteezy.com/ti/vecteur-libre/p3/14057818-jeu-video-avec-des-enfants-jouant-des-controleurs-de-manette-de-jeu-console-de-combat-sur-un-ordinateur-mobile-android-dans-un-dessin-anime-plat-illustration-de-modele-dessine-a-la-main-vectoriel.jpg
Star Wars Rogue Squadron III: Rebel Strike (Gamecube);Wii;Jeu;1;https://static.vecteezy.com/ti/vecteur-libre/p3/14057818-jeu-video-avec-des-enfants-jouant-des-controleurs-de-manette-de-jeu-console-de-combat-sur-un-ordinateur-mobile-android-dans-un-dessin-anime-plat-illustration-de-modele-dessine-a-la-main-vectoriel.jpg
Super Mario Galaxy;Wii;Jeu;2;https://static.vecteezy.com/ti/vecteur-libre/p3/14057818-jeu-video-avec-des-enfants-jouant-des-controleurs-de-manette-de-jeu-console-de-combat-sur-un-ordinateur-mobile-android-dans-un-dessin-anime-plat-illustration-de-modele-dessine-a-la-main-vectoriel.jpg
Super Mario Galaxy 2;Wii;Jeu;1;https://static.vecteezy.com/ti/vecteur-libre/p3/14057818-jeu-video-avec-des-enfants-jouant-des-controleurs-de-manette-de-jeu-console-de-combat-sur-un-ordinateur-mobile-android-dans-un-dessin-anime-plat-illustration-de-modele-dessine-a-la-main-vectoriel.jpg
The Conduit;Wii;Jeu;1;https://static.vecteezy.com/ti/vecteur-libre/p3/14057818-jeu-video-avec-des-enfants-jouant-des-controleurs-de-manette-de-jeu-console-de-combat-sur-un-ordinateur-mobile-android-dans-un-dessin-anime-plat-illustration-de-modele-dessine-a-la-main-vectoriel.jpg
The Last Story;Wii;Jeu;1;https://static.vecteezy.com/ti/vecteur-libre/p3/14057818-jeu-video-avec-des-enfants-jouant-des-controleurs-de-manette-de-jeu-console-de-combat-sur-un-ordinateur-mobile-android-dans-un-dessin-anime-plat-illustration-de-modele-dessine-a-la-main-vectoriel.jpg
TLoZ: Skyward Sword;Wii;Jeu;2;https://static.vecteezy.com/ti/vecteur-libre/p3/14057818-jeu-video-avec-des-enfants-jouant-des-controleurs-de-manette-de-jeu-console-de-combat-sur-un-ordinateur-mobile-android-dans-un-dessin-anime-plat-illustration-de-modele-dessine-a-la-main-vectoriel.jpg
TLoZ: Twilight Princess;Wii;Jeu;1;https://static.vecteezy.com/ti/vecteur-libre/p3/14057818-jeu-video-avec-des-enfants-jouant-des-controleurs-de-manette-de-jeu-console-de-combat-sur-un-ordinateur-mobile-android-dans-un-dessin-anime-plat-illustration-de-modele-dessine-a-la-main-vectoriel.jpg
Wii Sports;Wii;Jeu;3;https://static.vecteezy.com/ti/vecteur-libre/p3/14057818-jeu-video-avec-des-enfants-jouant-des-controleurs-de-manette-de-jeu-console-de-combat-sur-un-ordinateur-mobile-android-dans-un-dessin-anime-plat-illustration-de-modele-dessine-a-la-main-vectoriel.jpg
FIFA 21;PS4;Jeu;1;https://static.vecteezy.com/ti/vecteur-libre/p3/14057818-jeu-video-avec-des-enfants-jouant-des-controleurs-de-manette-de-jeu-console-de-combat-sur-un-ordinateur-mobile-android-dans-un-dessin-anime-plat-illustration-de-modele-dessine-a-la-main-vectoriel.jpg
Ultimate Chicken Horse;PS4;Jeu;1;https://static.vecteezy.com/ti/vecteur-libre/p3/14057818-jeu-video-avec-des-enfants-jouant-des-controleurs-de-manette-de-jeu-console-de-combat-sur-un-ordinateur-mobile-android-dans-un-dessin-anime-plat-illustration-de-modele-dessine-a-la-main-vectoriel.jpg
Burnout;PS2;Jeu;1;https://static.vecteezy.com/ti/vecteur-libre/p3/14057818-jeu-video-avec-des-enfants-jouant-des-controleurs-de-manette-de-jeu-console-de-combat-sur-un-ordinateur-mobile-android-dans-un-dessin-anime-plat-illustration-de-modele-dessine-a-la-main-vectoriel.jpg
Burnout 2;PS2;Jeu;1;https://static.vecteezy.com/ti/vecteur-libre/p3/14057818-jeu-video-avec-des-enfants-jouant-des-controleurs-de-manette-de-jeu-console-de-combat-sur-un-ordinateur-mobile-android-dans-un-dessin-anime-plat-illustration-de-modele-dessine-a-la-main-vectoriel.jpg
Dragonball Z Budokai Tenkaichi 2;PS2;Jeu;1;https://static.vecteezy.com/ti/vecteur-libre/p3/14057818-jeu-video-avec-des-enfants-jouant-des-controleurs-de-manette-de-jeu-console-de-combat-sur-un-ordinateur-mobile-android-dans-un-dessin-anime-plat-illustration-de-modele-dessine-a-la-main-vectoriel.jpg
Driv3r;PS2;Jeu;1;https://static.vecteezy.com/ti/vecteur-libre/p3/14057818-jeu-video-avec-des-enfants-jouant-des-controleurs-de-manette-de-jeu-console-de-combat-sur-un-ordinateur-mobile-android-dans-un-dessin-anime-plat-illustration-de-modele-dessine-a-la-main-vectoriel.jpg
eragon;PS2;Jeu;1;https://static.vecteezy.com/ti/vecteur-libre/p3/14057818-jeu-video-avec-des-enfants-jouant-des-controleurs-de-manette-de-jeu-console-de-combat-sur-un-ordinateur-mobile-android-dans-un-dessin-anime-plat-illustration-de-modele-dessine-a-la-main-vectoriel.jpg
FIFA Football 2002;PS2;Jeu;1;https://static.vecteezy.com/ti/vecteur-libre/p3/14057818-jeu-video-avec-des-enfants-jouant-des-controleurs-de-manette-de-jeu-console-de-combat-sur-un-ordinateur-mobile-android-dans-un-dessin-anime-plat-illustration-de-modele-dessine-a-la-main-vectoriel.jpg
Flatout;PS2;Jeu;1;https://static.vecteezy.com/ti/vecteur-libre/p3/14057818-jeu-video-avec-des-enfants-jouant-des-controleurs-de-manette-de-jeu-console-de-combat-sur-un-ordinateur-mobile-android-dans-un-dessin-anime-plat-illustration-de-modele-dessine-a-la-main-vectoriel.jpg
Headhunter;PS2;Jeu;1;https://static.vecteezy.com/ti/vecteur-libre/p3/14057818-jeu-video-avec-des-enfants-jouant-des-controleurs-de-manette-de-jeu-console-de-combat-sur-un-ordinateur-mobile-android-dans-un-dessin-anime-plat-illustration-de-modele-dessine-a-la-main-vectoriel.jpg
Le Monde des Bleus 2003;PS2;Jeu;1;https://static.vecteezy.com/ti/vecteur-libre/p3/14057818-jeu-video-avec-des-enfants-jouant-des-controleurs-de-manette-de-jeu-console-de-combat-sur-un-ordinateur-mobile-android-dans-un-dessin-anime-plat-illustration-de-modele-dessine-a-la-main-vectoriel.jpg
Les Sims2: Animaux & Cie;PS2;Jeu;1;https://static.vecteezy.com/ti/vecteur-libre/p3/14057818-jeu-video-avec-des-enfants-jouant-des-controleurs-de-manette-de-jeu-console-de-combat-sur-un-ordinateur-mobile-android-dans-un-dessin-anime-plat-illustration-de-modele-dessine-a-la-main-vectoriel.jpg
Minority report: Le futur vous rattrape;PS2;Jeu;1;https://static.vecteezy.com/ti/vecteur-libre/p3/14057818-jeu-video-avec-des-enfants-jouant-des-controleurs-de-manette-de-jeu-console-de-combat-sur-un-ordinateur-mobile-android-dans-un-dessin-anime-plat-illustration-de-modele-dessine-a-la-main-vectoriel.jpg
pinball;PS2;Jeu;1;https://static.vecteezy.com/ti/vecteur-libre/p3/14057818-jeu-video-avec-des-enfants-jouant-des-controleurs-de-manette-de-jeu-console-de-combat-sur-un-ordinateur-mobile-android-dans-un-dessin-anime-plat-illustration-de-modele-dessine-a-la-main-vectoriel.jpg
Resident Evil CODE: Veronica;PS2;Jeu;1;https://static.vecteezy.com/ti/vecteur-libre/p3/14057818-jeu-video-avec-des-enfants-jouant-des-controleurs-de-manette-de-jeu-console-de-combat-sur-un-ordinateur-mobile-android-dans-un-dessin-anime-plat-illustration-de-modele-dessine-a-la-main-vectoriel.jpg
SSX3;PS2;Jeu;1;https://static.vecteezy.com/ti/vecteur-libre/p3/14057818-jeu-video-avec-des-enfants-jouant-des-controleurs-de-manette-de-jeu-console-de-combat-sur-un-ordinateur-mobile-android-dans-un-dessin-anime-plat-illustration-de-modele-dessine-a-la-main-vectoriel.jpg
Star Ocean: Till the End of Time;PS2;Jeu;1;https://static.vecteezy.com/ti/vecteur-libre/p3/14057818-jeu-video-avec-des-enfants-jouant-des-controleurs-de-manette-de-jeu-console-de-combat-sur-un-ordinateur-mobile-android-dans-un-dessin-anime-plat-illustration-de-modele-dessine-a-la-main-vectoriel.jpg
Star Wars Battlefront II;PS2;Jeu;1;https://static.vecteezy.com/ti/vecteur-libre/p3/14057818-jeu-video-avec-des-enfants-jouant-des-controleurs-de-manette-de-jeu-console-de-combat-sur-un-ordinateur-mobile-android-dans-un-dessin-anime-plat-illustration-de-modele-dessine-a-la-main-vectoriel.jpg
Toca Race Driver 2;PS2;Jeu;1;https://static.vecteezy.com/ti/vecteur-libre/p3/14057818-jeu-video-avec-des-enfants-jouant-des-controleurs-de-manette-de-jeu-console-de-combat-sur-un-ordinateur-mobile-android-dans-un-dessin-anime-plat-illustration-de-modele-dessine-a-la-main-vectoriel.jpg
True Crime: Streets of LA;PS2;Jeu;1;https://static.vecteezy.com/ti/vecteur-libre/p3/14057818-jeu-video-avec-des-enfants-jouant-des-controleurs-de-manette-de-jeu-console-de-combat-sur-un-ordinateur-mobile-android-dans-un-dessin-anime-plat-illustration-de-modele-dessine-a-la-main-vectoriel.jpg
Beat Saber;PC;Jeu;1;https://static.vecteezy.com/ti/vecteur-libre/p3/14057818-jeu-video-avec-des-enfants-jouant-des-controleurs-de-manette-de-jeu-console-de-combat-sur-un-ordinateur-mobile-android-dans-un-dessin-anime-plat-illustration-de-modele-dessine-a-la-main-vectoriel.jpg
Blade & Sorcery;PC;Jeu;1;https://static.vecteezy.com/ti/vecteur-libre/p3/14057818-jeu-video-avec-des-enfants-jouant-des-controleurs-de-manette-de-jeu-console-de-combat-sur-un-ordinateur-mobile-android-dans-un-dessin-anime-plat-illustration-de-modele-dessine-a-la-main-vectoriel.jpg
Elite: Dangerous;PC;Jeu;1;https://static.vecteezy.com/ti/vecteur-libre/p3/14057818-jeu-video-avec-des-enfants-jouant-des-controleurs-de-manette-de-jeu-console-de-combat-sur-un-ordinateur-mobile-android-dans-un-dessin-anime-plat-illustration-de-modele-dessine-a-la-main-vectoriel.jpg
Tetris;Appareil mobile;Jeu;1;https://encrypted-tbn0.gstatic.com/images?q=tbn:ANd9GcTURlDb7Mzq-HndzL4PJxp3lDfy-fBp-tFCmA&usqp=CAU
Mario Kart 8;Nintendo Switch;Jeu;1;https://gaming-cdn.com/images/products/2615/616x353/mario-kart-8-deluxe-switch-switch-jeu-nintendo-eshop-europe-cover.jpg?v=1649856900
Super Smash Bros Ultimate;Nintendo Switch;Jeu;1;https://gaming-cdn.com/images/products/3000/orig/super-smash-bros-ultimate-switch-switch-jeu-nintendo-eshop-europe-cover.jpg?v=1649860652
Minecraft;Wii U;Jeu;1;https://gaming-cdn.com/images/products/12567/616x353/minecraft-java-et-bedrock-edition-pc-jeu-europe-cover.jpg?v=1680508579
Grand Theft Auto V;PS4;Jeu;1;https://m.media-amazon.com/images/I/71bNIxi11sL.jpg
Wii Sports;Wii;Jeu;1;https://www.gamecash.fr/thumbnail-600/wii-sport-e15224.jpg
PUBG : Battlegrounds;Xbox;Jeu;1;https://encrypted-tbn0.gstatic.com/images?q=tbn:ANd9GcQ07iRyk0J8KhAqmfQ77R0Zbu4wF_PoN5MeDFzDsC0vYBP8fHn75WnYbonoNyHgVXkDCJA&usqp=CAU
Red Dead Redemption II;PS4;Jeu;1;https://images.ctfassets.net/wn7ipiv9ue5v/6ZSV0CNlsw4xhNcCNK4haj/82d0f54cf5010ab9f05a5e5558d3b4f0/RDR2_HeroSquare_1080x1080.jpg
The Witcher 3: Wild Hunt;Xbox;Jeu;1;https://image.api.playstation.com/vulcan/ap/rnd/202211/0711/kh4MUIuMmHlktOHar3lVl6rY.png
Pokemon Rouge-Bleu-Vert-Jaune;Game Boy;Jeu;1;
